{"addresses": [[9.70093,48.477473],[9.207916,49.153868],[37.573242,55.801281],[115.663757,38.106467]],
       "start_indexes": [0, 1],
       "end_indexes": [0, 2],
       "start_time": "9:00",
       "must_visit": [[1], [3]],
       "traffic_mode": "best_guess",
       "number_of_vehicles": 2}